type,media,code,id,date,file,slide,highlight,likes,comments,views,caption,liked
post,video,DZ0VKpyxT24,3923854266393247160,2026-06-20 15:34:14,posts/[DZ0VKpyxT24]_2026-06-20_15-34-14.mp4,,,17,1,,"Revivendo 12 luas de 28 dias, em essência, preparando nossa morada, algo físico, abrigo, mas também sua forma vem do diálogo com a vida, na medida máxima que posso, sem reservas e em integridade com o espaço ao redor, o céu, a Terra e o coração em mim, em você e em toda parte. Tempo e energia com integridade sempre será arte.
Minhas referências, são as plantas e os animais, por que estão sempre fiéis ao que são e ao redor.",false
post,video,DZsjzLUs6Ru,3921666824012538990,2026-06-17 15:08:12,posts/[DZsjzLUs6Ru]_2026-06-17_15-08-12.mp4,,,28,8,,"As vezes, uma simples casa de terra, pode ter muito mais recursos que a maioria das casas convencionais.
Isso não é propaganda, é difusão de conhecimento e técnicas ancestrais, contemporânea e naturais.

* Regulação térmica e de umidade no ar.
* Ventilação 
* Luminosidade
* Menor impacto ambiental
*Vibração constante próxima à da natureza ao redor.
* Casa viva, ela respira.",false
carousel,photo,DZhyk7Tkag-,3918635590694840382,2026-06-13 10:36:26,posts/[DZhyk7Tkag-]_2026-06-13_10-36-26_01.webp,1,,43,9,,"Muitos elementos e fatores influenciam no formato final de uma morada orgânica. A natureza desafia projetos humanos. É arrasador, talvez, pensar que não somos donos de nada; que muitos aqui viveram e outros viverão além de nós.
Mas podemos organizar nossas ações de modo favorável para todas as forças atuantes.
Não precisamos idolatrar nada, basta reconhecer cada coisa como uma presença, ter calma e buscar harmonia para juntos olharmos par o organismo maior. 

Tudo é sagrado.",false
carousel,photo,DZhyk7Tkag-,3918635590694840382,2026-06-13 10:36:26,posts/[DZhyk7Tkag-]_2026-06-13_10-36-26_02.webp,2,,43,9,,"Muitos elementos e fatores influenciam no formato final de uma morada orgânica. A natureza desafia projetos humanos. É arrasador, talvez, pensar que não somos donos de nada; que muitos aqui viveram e outros viverão além de nós.
Mas podemos organizar nossas ações de modo favorável para todas as forças atuantes.
Não precisamos idolatrar nada, basta reconhecer cada coisa como uma presença, ter calma e buscar harmonia para juntos olharmos par o organismo maior. 

Tudo é sagrado.",false
post,photo,DZNMlrsxNR4,3912839017355596920,2026-06-05 10:39:43,posts/[DZNMlrsxNR4]_2026-06-05_10-39-43.webp,,,18,6,,"Uma de nossas grandes inspirações é rever as maneiras habituais de suprir as necessidades básicas e trazê-las para um campo em que sejam atendidas de uma maneira mais consciente e natural. Ter ou construir uma casa é  necessidade e também sonho de muitos. Mas, de onde partimos?

Da Terra.

Só podemos construir na terra.

Sendo assim, é nosso dever como filhos da Terra deixar pegadas leves, orgânicas, sobre Ela.",false
post,photo,DZNKvxlRoBk,3912830914774073444,2026-06-05 10:23:37,posts/[DZNKvxlRoBk]_2026-06-05_10-23-37.webp,,,11,2,,"Dentre todo esse mundo vivo, cabe ao humano somente participar, modelar, favorecer, entender o aspecto fundamental de cada presença, o que expressa e qual o seu ideal, para potencializar a vida de todos. O cotidano na natureza é um grande tesouro, onde cada um pode reconhecer o seu lugar e também a vida em tudo que existe.",false
post,photo,DZF25TexBWX,3910773283880179095,2026-06-02 14:15:29,posts/[DZF25TexBWX]_2026-06-02_14-15-29.webp,,,15,0,,"O joao-de-barro não paga aluguel nem ostenta grandeza, faz sua casa em perfeita geometria; não lhe ocupa muito fazer o necessário - talvez 20 dias - assim ele a faz em harmonia com o local escolhido, na curva certa com a árvore, com terra e a palha sovada com os pés e o bico; a porta virada ao contrário do vento frio: uma morada orgânica. Sua beleza vai além da estética, sendo um processo de harmonização dentre todos os envolvidos, com a energia que ali estava e foi redirecionada e materializada.",false
post,photo,DZAFxXzRree,3909149859600840606,2026-05-31 08:30:01,posts/[DZAFxXzRree]_2026-05-31_08-30-01.webp,,,24,3,,"Até os termos bioconstrução e permacultura perdem o sentido se você não sabe que tudo depende da maneira de enxergar a vida. Não se trata de utilizar materiais naturais sem conhecer os ciclos e movimentos aos quais pertencem. Não se trata do custo de fazer uma casa de barro. 
É necessário acrescentar ao seu mundo urbano - e humano - uma pitada do silvestre, um punhado de reconhecimento de irmão com as plantas, animais e rochas. Se trata de ampliar o seu circulo de interesse, assentar no meio e ouvir todos que se apresentam: a chuva, o vento, o sol, o relevo, a vida silvestre, a localização, o tempo em seus ciclos e incessante movimento.",false
post,photo,DY60EphR7-x,3907664644575575985,2026-05-29 07:19:11,posts/[DY60EphR7-x]_2026-05-29_07-19-11.webp,,,14,5,,"Estamos há 1 ano construindo nossa casa com as próprias mãos, com terra local e ainda atentos a cada detalhe que possa interagir, compor com o meio ambiente. É um grande presente este exercicio: sentir e observar os ventos, o sol, o fluxo das águas e, assim como modelamos o barro, ir moldando ações que integram e potencializam as forças da natureza.",false
post,video,DYuBSntKEwI,3904063604607437832,2026-05-24 08:11:44,posts/[DYuBSntKEwI]_2026-05-24_08-11-44.mp4,,,13,3,,"Bom dia!  Passando aqui para  compartilhar sobre  nosso cotidiano, e relações com toda a natureza, abraço.",false
post,video,DWE3ZIbkZHB,3856450800533475777,2026-03-19 15:34:53,posts/[DWE3ZIbkZHB]_2026-03-19_15-34-53.mp4,,,17,1,,"Novamente minha opção para o telhado é o teto verde, leve, térmico, vivo, prático na manutenção e preservação. Novamente tenho à agradecer porque a natureza é muito amorosa, abundante.
E principalmente por poder aprender e testemunhar.",false
post,video,DVemytYkZzg,3845681742292819168,2026-03-04 19:03:45,posts/[DVemytYkZzg]_2026-03-04_19-03-45.mp4,,,24,3,,"Chegamos ao clímax de nossa arrogância e ignorância, 
Mas isso diz também que há algo que precisa vir a luz da compreensão, usar nosso conhecimento para o bem de todos. No individual, no cotidiano podemos curar e integrar toda sombra em luz, em verdadeiro, peço ajuda ao Grande Espírito e a presença espiritual da humanidade, para que seja iluminada toda essa ignorância e sofrimento. Que nosso amanhã seja de paz e prosperidade verdadeira",false
post,video,DVb6ccjkssI,3844923748395436808,2026-03-03 17:56:45,posts/[DVb6ccjkssI]_2026-03-03_17-56-45.mp4,,,17,1,,"AHoo!
Madre Terra, Padre Sol e Grande Espírito, eu  vos agradeço!
Com vós eu caminho, confio e entrego minhas necessidades em teu colo, acalentado porque vós conhece todos os mistérios e chaves. Em vós guio meus passos e modelo os  elementos e formas ao redor procurando sempre a harmonia e redução de resíduos que possam ficar com a minha passada por aqui, neste lindo agora!",false
post,video,DUQd05GDolH,3823687261704063303,2026-02-02 10:57:19,posts/[DUQd05GDolH]_2026-02-02_10-57-19.mp4,,,13,1,,"Eu agradeço pela oportunidade de olhar para o redor, para ver o que vou fazer, o que agora é mais favorável. Coletar dados sobre o que queremos e também sobre como é ao redor.  A qualidade da integração com o meio depende do olhar e considerar as plantas, os animais, a luz, o ar, o vento, os caminhos...
Depende de integrar,  querer olhar para a natureza e relaxar, ir além dos padrões. Tem mais haver com descobrir a forma que irá surgir da integração, consciência humana, intenções, planeta, natureza, criatividade e cura. Cura porque a energia integrada é em si um remédio.",false
post,video,DP3yWnwDbUh,3744683072018036001,2025-10-16 10:24:36,posts/[DP3yWnwDbUh]_2025-10-16_10-24-36.mp4,,,43,3,,"Nós somos um! Animais, plantas, pedras e estrelas.
E também somos a expressão do um, com o nosso olhar único.
Mas é tão sutil está percepção, que a maioria nem imagina, quanto menos perceber.
O que pensamos ser humano, é bem raso . Cada planta é um aspecto dentro de nós, conhecer uma planta é conhecer este aspecto. O conhecimento é uma porta para se dar conta, mas é através do ""coração"" que se converte conhecimento em sabedoria.",false
post,photo,DPO0B98DZ0-,3733149974780550462,2025-09-30 12:29:38,posts/[DPO0B98DZ0-]_2025-09-30_12-29-38.webp,,,25,0,,"Com alegria, convidamos para passar esse dia conosco para conhecer noções gerais de BIOCONSTRUÇÃO e também  conviver em meio a natureza e seus elementos. 
Pessoas de todas as idades são bem vindas!
Ofereceremos almoço e pedimos para trazer frutas para o lanche. 
Contribuição: R$ 80,00 (crianças não pagam)

Confirmação de presença no direct ou pelo whatsapp (19)997628333",false
post,video,DOesWrajZ-S,3719605414745972626,2025-09-11 20:02:29,posts/[DOesWrajZ-S]_2025-09-11_20-02-29.mp4,,,9,0,,"Em um só dia fotografei no jardim ao redor de casa , 37 variedades de flores, destas 30% são espontâneas. As flores são um êxtase de realização para as plantas, elas dão o seu melhor, se realizam e  prestam serviço ao planeta.
Quantas de nossas realizações vão além do pessoal, e beneficiam o planeta.
Ser humano, pense nisso. A vida merece nossa floração.",false
post,video,DN_FmEnjZ90,3710709224507809652,2025-08-30 13:44:15,posts/[DN_FmEnjZ90]_2025-08-30_13-44-15.mp4,,,43,3,,"Saudações ✨ David,  kin 28, ancorado na Serra da Paulista, Jardim Planeta Terra. Tudo acontece no jardim. Venho compartilhar o que vem acontecendo aqui, eu como testemunha agradeço, e sinto em meu coração que as pessoas precisam ver o que se passa. Ao redor vem manifestando uma lindeza de casa, de canteiro de flor , remédio e alimento. Soa comum, mas não é, é incrível e sofisticado, no sentido de eficiência, material natural, beleza, enfim, é um laboratório de um viver para o novo humano junto a natureza. Muitos se admiram mas para mim eu quero é agradecer quem me ensina e de onde vem, é de  outra consciência humana, talvez venha do futuro, esse estado é nosso rumo, unificado com a Terra toda, isso é que me empenho em contribuir com a humanidade. Gosto de mostrar meu trabalho, mas na convivência podemos aprofundar e conhecer o projeto e seu funcionamento antes de se manifestar. Mais gente conhecendo, melhor e mais favorável, vão ficar os ambientes. Isso pela mudança de padrões pre estabelecidos não analisados. Nossa mente é muito mais , no entanto precisa de outra organização, sem mudar esse detalhe, você sempre vai repetir os resultados. Eu também, mas os resultados são favoráveis para mim e para todos.
Você mesmo pode ver se é assim .",false
post,video,DMx5Gk-secB,3688980710467692289,2025-07-31 13:55:46,posts/[DMx5Gk-secB]_2025-07-31_13-55-46.mp4,,,35,2,,"Quer aprender a bioconstruir? Ter mais contato com a natureza? Trocar idéias sobre viver simples e com propósito?

Bora nos encontrar aqui na Serra da Paulista, neste sábado! A partir das 8h30!

As atividades serão variadas, teremos Adobe e madeiramento do telhado!

Só fazer contato por direct ou whatsapp!

19 997628333

A contribuição é sua presença alegre e alguma fruta para compor lanche coletivo!",false
post,video,DMko5smMtEl,3685250281852031269,2025-07-26 10:35:45,posts/[DMko5smMtEl]_2025-07-26_10-35-45.mp4,,,15,4,,"Dia 1, nome= Dali/ focaliza.
 Força Térmica, Pai. Conecta com o chacra Coronário.
Lua 1 atrai o propósito do anel solar, Semente Ressonante Amarela.
Tenho 52 semanas para sintonizar os 7 chacras, com a Terra, Lua, Sol e demais Estrelas. Adiante a Via Láctea, assim como em meu coração, tenho o meu lugar, e vou expressar tudo isso em mim. Tudo isso também está em você.
As 13 luas de 28 dias e a conta 13:20, Tzolkin, me ajuda a organizar tudo isso e muito mais.
A Dádiva de vir a conhecer, está aqui e aí. Basta nos ciência.
Meu cotidiano é também um campo de auto exploração e ciência, e arte , e por isso compartilho, por que tudo que me é dado tem de ser mais aproveitado. Falo assim porque mamãe natureza assim quer, compartilhar com os seus irmãos 🌎",false
post,video,DMjFnZfs3aL,3684813617786746507,2025-07-25 19:59:05,posts/[DMjFnZfs3aL]_2025-07-25_19-59-05.mp4,,,46,0,,"Cerimônia dia fora do tempo,um pouco de como foi aqui o nosso dia em sintonia com outras pessoas pelo mundo inteiro. Gratidão.
#temponatural, #lei do tempo #pacto Roerich #tratado de paz e cultura",false
post,video,DMiayksMCER,3684625269721669905,2025-07-25 13:43:44,posts/[DMiayksMCER]_2025-07-25_13-43-44.mp4,,,7,0,,DIA FORA DO TEMPO!,false
post,photo,DMXc5qQuW6A,3681538328088899200,2025-07-21 07:26:30,posts/[DMXc5qQuW6A]_2025-07-21_07-26-30.webp,,,20,4,,"No kin NOITE RITMICA AZUL, 25 de julho, abriremos esse espaço de celebração, pausa e  expressão de arte!

Teremos dois momentos cerimoniais, de abertura e fechamento do dia! E, durante o dia, fluiremos conforme a energia do dia e também com as pessoas que vierem compor conosco... São bem vindas todas as expressões de arte, talentos, oficinas....

Uma oportunidade para conhecer ou sintonizar com a Lei do tempo e se conectar com a natureza!

A participação é gratuita. Frutas e vegetais são bem vindos. Preparemos sucos, saladas e frutas como nutrição do dia.

Mais detalhes por direct ou whatsapp 

19 997628333",false
post,video,DMNdLqssIRY,3678724815741551704,2025-07-17 12:40:28,posts/[DMNdLqssIRY]_2025-07-17_12-40-28.mp4,,,44,2,,"Faltam 7 dias para o encerramento deste anel solar, ( ano de 365 dias), venho trazer boas novas de encontros, celebrações, estudos e muita mão na massa
 Somos aqueles que querem viver o melhor, mas partindo de um ponto comum, planeta Terra como ser vivo, na prática coerente vamos precisar de muita mudança.
Eu sou essa mudança para mim e para o mundo, posso afirmar que não é o que faço, mas sim é, de onde parte a ação. Organizar a mente para continuar aprendendo, conhecer arquétipos universais e dar espaço, tempo e energia para teu ser vir contar a história.",false
post,video,DLqVKw6ugm9,3668837945143069117,2025-07-03 18:57:15,posts/[DLqVKw6ugm9]_2025-07-03_18-57-15.mp4,,,28,3,,"Estamos fazendo adobes para fazer nossa casa, o simples e o incrível, o sofisticado e o sagrado podem estar nesse processo.
Tem aqui esse vídeo representativo, fizemos 900, o alvo são 4000 adobes, ainda dá para vivenciar, pode vir,  papai e mamãe natureza me manda compartilhar.",false
post,video,DLaQN5YMdXR,3664312570525898193,2025-06-27 13:04:22,posts/[DLaQN5YMdXR]_2025-06-27_13-04-22.mp4,,,28,1,,"No tempo natural, tudo é fluido.... E nem sempre conseguimos agendar as coisas com antecedência... Mas a sincronicidade sempre nos traz encontros e realizações...

Estaremos, nesse início da Lua da Presença, em mais um pulsar de tijolos de Adobe!

Nos próximos dois dias!

Só dar um toque e chegar!",false
post,photo,DK94XuRMJJ2,3656326393327817334,2025-06-16 12:34:53,posts/[DK94XuRMJJ2]_2025-06-16_12-34-53.webp,,,51,6,,"E nossa nova aventura começa a se manifestar! Sim, fazemos tijolo por tijolo (Adobe)! Pra quem quer aprender, conhecer....pra quem já sabe e quer vir dar uma força pra construção dessa casinha que, com certeza, vai acolher a todos que quiserem compartilhar de uma vida simples e conectada a natureza!

Pra participar, é só mandar mensagem no whatsapp ou direct que mandamos mais informações!!

Abraços a todos!",false
post,photo,DKsqfuUMc12,3651480295878806902,2025-06-09 20:06:33,posts/[DKsqfuUMc12]_2025-06-09_20-06-33.webp,,,58,14,,"O cenário de nossa família, unidos modelando os 4 elementos básicos da natureza, inspirados pelo quinto elemento, que neste caso é o espírito, é a vontade que saca da imaginação, do éter os sonhos, e transforma miração em arte. Seguimos soltando a terra, pondo água, tirando o ar na forma, para tirar a água com o ar e o fogo. O bloco realizado será estrutura de abrigo, risos, nutrição, repouso, encontros e o ambiente propício para novos sonhos, aquele lugar que partimos dele ao acordar e retornar após outras aventuras distantes.  Fazer a própria casa em família, modelando a natureza e com o pensamento elevado se posicionar como filho da Terra.
Minha casa será sempre no jardim de Gaia, hoje e sempre minha casa é a própria Terra.
Minha casa será sempre um templo de reverência planetária. 
Meus movimentos são pura magia e mistério, minha alegria é o alento de ver o corpo e a consciência trabalhar nesta terra enquanto o Grande Espírito ilumina a criação em pura arte ressonante.
Sim , cada passo e cada tijolo tem uma vibração em ressonância com a harmonia e a ordem natural.
Estamos aos 500 tijolos prontos. Vamos fazer 4 mil.  Quem quiser participar deste processo, será uma alegria e uma soma muito rica, uma celebração que a vida simples e comunitária, humana e planetária nos presenteia. A partir do solstício de inverno.",false
post,video,DKcYFLEN7BU,3646895706858827860,2025-06-03 12:18:24,posts/[DKcYFLEN7BU]_2025-06-03_12-18-24.mp4,,,11,2,,"Encomende suas mudas!!

Entregas na próxima sexta feira!

Whatsapp: (19)997628333",false
post,video,DKZ5DKkt6ZR,3646196279496123985,2025-06-02 13:08:19,posts/[DKZ5DKkt6ZR]_2025-06-02_13-08-19.mp4,,,20,1,,"E olha nossa viveiro crescendo e já podendo ser compartilhado!!! Próxima entrega na sexta feira!

Faça sua encomenda!!

MUDAS ""TERRA VIVA"":

 🪴 Plantas aromáticas:
- lavanda
- mirra
- hortelã 
- menta

🌿 Plantas condimentares:
* manjericão
- orégano 

🍀 Plantas medicinais:
- arnica
- terramicina 

🥇Valor da unidade: R$8,00
🎁 Combo de 4 mudas: R$30,00

🚚 Entregas em São João da Boa Vista a partir do valor de R$30,00 ou retirada na Serra da Paulista, km 10.

Whatsapp: (19)99762-8333",false
post,video,DJ71pWstoyg,3637737062367923360,2025-05-21 21:03:30,posts/[DJ71pWstoyg]_2025-05-21_21-03-30.mp4,,,33,4,,"Saudações Grande Espírito!
Dentro de mim e ao meu redor! Salve Grande Espírito!",false
post,video,DJ4k-LOO3Xg,3636819301433570784,2025-05-20 14:39:42,posts/[DJ4k-LOO3Xg]_2025-05-20_14-39-42.mp4,,,47,14,,"Depois de um tempinho sem postar, viemos compartilhar mais um passo de nossa jornada!!
Devagarzinho vamos contando as novidades!!!

E aí, quem arrisca dizer onde estamos??",false
post,video,DHk8NXmuPtq,3595263204038081386,2025-03-24 06:33:39,posts/[DHk8NXmuPtq]_2025-03-24_06-33-39.mp4,,,14,0,,"Nos dias 20 e 21 de março vivemos uma experiência incrível de um Cine Era Dourada em São Desidério - BA. 

Debatemos sobre Saúde Metal, cura ancestral, família e sensações emocionais no dia a dia através dos desafios da educação e compreensão humano junto de educadores e pais. 

Contamos com a presença da terapeuta Ocupacional Nathalia Luvizaro, residente da Estação Flor do Alto que tem uma visão integrativa e afetiva sobre a educação, e com a Angélica Brasil co-fundadora da Sangha Platina Solaris. 

“Foi muito satisfatório o encontro e o debate, eu precisava estar aqui, vou assistir o filme novamente”relatou uma das mães presente. 

Agradecemos a todos os envolvidos que fizeram este projeto acontecer. 
.
.
.
@estacaoflordoalto",false
post,photo,DHhc-vAgyDM,3594281434002694348,2025-03-22 22:02:37,posts/[DHhc-vAgyDM]_2025-03-22_22-02-37.jpg,,,3,0,,"Chegamos aos ultimos dias de uma jornada de 260 kins, periodo que corresponde à gestação humana! Podemos refletir sobre sonhos e intenções que gestamos, nos preparando para em breve manifestar!

Em nosso encontro deste domingo, vamos conversar sobre o tzolkin (malha de 260 kins), completando os conhecimentos das estruturas básicas para juntos nos tornarmks navegantes do Tempo!

Nos encontramos no Zoom, dia 23/03, às 18h✨

Vem com a gente! Digite “Quero Participar” e receba o link! 🌟
•
•
#luasolar #tzolkin #tempolunar #autoconhecimento #transicaoplanetária #espiritualidade #compaixao",false
post,photo,DHBxyPSv7Or,3585365735037186987,2025-03-10 14:48:43,posts/[DHBxyPSv7Or]_2025-03-10_14-48-43.jpg,,,7,0,,"Seguindo nos estudos do Tempo Natural, chegamos aos últimos dias da onda da Águia (ciclo de 13 dias) e também do tzolkin (malha de 260 kins/dias) 💫

Este período traz a visão do que queremos gestar no próximo ciclo, coroado pela energia da Lua da Intenção (ciclo de 28 dias)🌙

A sintonização com a interação destes ciclos faz de cada dia único e especial e hoje temos uma oportunidade incrível de nos aprofundar mais nos estudos. 

Vamos conhecer as 20 tribos solares, os 20 selos e suas forças arquetipicas☀️

🍃10/03 (segunda), às 18h00, na energia do #enlacadordemundoscristalbranco , nos reunimos novamente!

📍Online via Zoom – digite “EU QUERO” que te enviaremos o link no direct!✨

Vem com a gente e Convide seus amigos!💫
#tzolkin #temponatural #13luas #sustentabilidade #espiritualidade #educaçãonanatureza #compaixao #gratidão",false
post,photo,DG3X7WVvpmT,3582437262102534547,2025-03-06 13:50:22,posts/[DG3X7WVvpmT]_2025-03-06_13-50-22.jpg,,,13,1,,"Este será nosso segundo encontro marcando o início de um ciclo de 28 dias, conhecido como “Lua” 🌙

🍃 Na linguagem do tempo natural, o ano é composto por 13 luas de 28 dias (364 dias + 1 dia de sincronização). Estamos entrando na 9ª Lua do ano, a Lua Solar, que nos convida a refletir: 

✨ “Quais são as minhas intenções?”✨ 

🍃 Este é o momento de esclarecer, afirmar e irradiar nossas intenções mais positivas e saudáveis para que possam criar caminhos para a manifestação. 
Este é um momento bastante sincrônico aqui na Flor do Alto, em que estamos iniciando a segunda etapa da construção do nosso primeiro templo, dedicando as melhores intenções para manifestar o plano divino! 🕉️
@hiranyagarbhaestacaoflordoalto 

👉🏽 Vem com a gente nos Encontros da Flor com @esferaterraviva !
📅 Dia 07/03 (sexta), às 20h30
✨ Kin: noite solar
📍 Online via Zoom – peça o link no direct!
•
•
#espiritualidadenapratica #sincronariomaya #sustentabilidade #hiranyagarbha #yoga #meditação #autoconhecimento #despertarespiritualdiário #naturezaviva #saodesiderioba",false
post,video,DGy8yKNs0HC,3581191983444738498,2025-03-04 20:58:18,posts/[DGy8yKNs0HC]_2025-03-04_20-58-18.mp4,,,23,0,,"A continuidade da humanidade é algo inimaginável, para o olhar comum. O próximo passo, que é algo de inúmeras preces e desejos, só vai acontecer quando estivermos à altura. Se eu quero um mundo melhor, eu preciso ser alguém representante deste mundo. Antes ainda preciso me livrar das limitações que nem me deixam imaginar esse melhor. E o mais interessante, eu posso dizer que está tudo bem e que temos somente à agradecer. Mas eu venho dizer que para agradecer isso tem de ter valor, valor que dou com meu suor, ação, palavra e exemplo, assim está tudo certo. Posso também confiar em Deus e em seu curso, mas novamente faço isso conhecendo aonde está Deus e como posso deixar que seus planos fluam.  Só posso falar assim porque faz parte do que tenho à oferecer, o Esfera Terra Viva é uma Dádiva, pouco compreendida pela sua profundidade, perante a verdade afirmo ser uma benção para todos, assim como o novo mundo humano que vem chegando, vamos se posicionando, pois temos de recolher o que nos é ofertado. Essa é a porta estreita🌎",false
post,video,DGd_Rq7xzna,3575291970463414746,2025-02-24 17:17:30,posts/[DGd_Rq7xzna]_2025-02-24_17-17-30.mp4,,,8,1,,"Os 7 dias da semana e o poder da simplicidade consciente do cotidiano, o viver com a natureza e o valor de uma vida simples e pensamento elevado. Estação de Compaixão Flor do Alto.",false
post,photo,DGb9mWdtC1u,3574721645546581358,2025-02-23 22:20:49,posts/[DGb9mWdtC1u]_2025-02-23_22-20-49.webp,,,44,13,,"Na noite passada, kin 230, estive com uma leve febre e devaneios, durante horas tinha visões de Deus, e que eu mesmo era Deus, e tudo ao redor era Deus, aí começava ""acordar"" em vigília e percebia que eu pensava sobre Deus. Logo eu estava novamente como Deus experimentando ser árvore, passarinho e pedra, e quando pensava voltava ser eu. Simplesmente ia continuar o ensinamento, e mais uma vez percebi uma grande sutileza que demorou quase um dia pra ancorar aqui,  todos como ""indivíduos"" humanos, plantas, animais, rochas, estrelas e outros, somos aparelhos de percepção de Deus. Continuei vivenciando essa experiência, pude experimentar ser Deus, ser planta, ser estrela e ser David.
Mas a sutileza ocorreu quando experimentava ser David, humano e Deus, havia  duas possibilidades, quando entendia algo,  passava ser indivíduo, me desprendendo de saber entrava em presença, e nesta presença era Deus. E quando Deus, todos os reinos ali estão.
A lição final foi de que, "" todas as formas de vida coletivas em espécie ou individuais, elas devem entregar seus entendimentos sobre o que ela vive, com total entrega.
No caso humano assim se liberarem para estar em presença total novamente, e sempre, em Deus, até que esteja um continum Deus.
Fico contente por que, como estava febril,  ninguém vai me chamar de maluco.",false
post,photo,DGaokAuAsox,3574347650805451313,2025-02-23 09:57:45,posts/[DGaokAuAsox]_2025-02-23_09-57-45.jpg,,,4,0,,"Nos encontraremos na terceira semana da Lua Galáctica (oitavo ciclo de 28 dias do ano na contagem do Sincronário das 13 luas). 

💙Esta semana traz a cor azul, representando a  transformação. 
A vivência no campo nos oferece uma experiência muito concreta e - ao mesmo tempo simbólica - da transformação, da impermanência e necessidade de constante adaptação. 

💌 O convite é para que nos tornemos vigilantes e possamos explorar possibilidades:

🔥 O que de fato precisamos transformar para viver de acordo com o que acreditamos?

Vamos bater um papo sobre isso no “Encontros da Flor?🍃🌸

📌Dia 25/02 (terça) às 20h30 via Zoom, na energia do caminhante cristal vermelho.
On-line e Gratuito✨

🌀A Flor do Alto se coloca como terreno fértil para gestar nossas transformações! Envolva-se e transforme-se também!

〽️Esteja presente e compartilhe!
•
•
#autoconhecimento #sincronariodas13luas #ondaencantada #espiritualidade ##sustentabilidade #naturezaviva",false
carousel,photo,DGRG-Ykyuz4,3571666654755220728,2025-02-19 17:11:06,posts/[DGRG-Ykyuz4]_2025-02-19_17-11-06_01.jpg,1,,45,4,,"Realizando uma fogueira cerimonial na Estação.
Só gratidão 👏🏼🌈

#espiritualidade #autoconhecimento 
#bioconstrução",false
carousel,photo,DGRG-Ykyuz4,3571666654755220728,2025-02-19 17:11:06,posts/[DGRG-Ykyuz4]_2025-02-19_17-11-06_02.jpg,2,,45,4,,"Realizando uma fogueira cerimonial na Estação.
Só gratidão 👏🏼🌈

#espiritualidade #autoconhecimento 
#bioconstrução",false
carousel,photo,DGRG-Ykyuz4,3571666654755220728,2025-02-19 17:11:06,posts/[DGRG-Ykyuz4]_2025-02-19_17-11-06_03.jpg,3,,45,4,,"Realizando uma fogueira cerimonial na Estação.
Só gratidão 👏🏼🌈

#espiritualidade #autoconhecimento 
#bioconstrução",false
carousel,photo,DGRG-Ykyuz4,3571666654755220728,2025-02-19 17:11:06,posts/[DGRG-Ykyuz4]_2025-02-19_17-11-06_04.jpg,4,,45,4,,"Realizando uma fogueira cerimonial na Estação.
Só gratidão 👏🏼🌈

#espiritualidade #autoconhecimento 
#bioconstrução",false
carousel,photo,DGRG-Ykyuz4,3571666654755220728,2025-02-19 17:11:06,posts/[DGRG-Ykyuz4]_2025-02-19_17-11-06_05.jpg,5,,45,4,,"Realizando uma fogueira cerimonial na Estação.
Só gratidão 👏🏼🌈

#espiritualidade #autoconhecimento 
#bioconstrução",false
post,video,DGBPVufxmq8,3567199843586042556,2025-02-13 13:22:17,posts/[DGBPVufxmq8]_2025-02-13_13-22-17.mp4,,,12,0,,"O agora está para inúmeras percepções diferentes, você pode abrir e elevar a visão, você pode se aliar ao fluxo natural e potencializar o seu agir, em benefício de uma terra abundante, rica em biodiversidade.",false
post,video,DF8Ey8OO0Qs,3565746097793745964,2025-02-11 13:08:22,posts/[DF8Ey8OO0Qs]_2025-02-11_13-08-22.mp4,,,6,5,,"Quem está acompanhando os passos do Esfera Terra Viva na Bahia!?

Vem ficar pertinho da gente através dos ENCONTROS DA FLOR!

Próximo encontro: amanhã às 18h45 via zoom! Atividade aberta e gratuita!",false
post,photo,DF5NcQ3gSn8,3564939696901532156,2025-02-10 10:25:50,posts/[DF5NcQ3gSn8]_2025-02-10_10-25-50.jpg,,,12,3,,"Quando alinhamos nossa caminhada com o tempo natural, acessamos novas camadas de consciência e encontramos clareza e propósito. 

Nos Encontros da Flor, mantendo o pulsar a cada 13 dias, vamos percebendo o movimento cíclico do fluir da vida e mesmo que a linguagem simbólica confunda o aspecto racional,  é importante que perseveremos em nossa própria transformação. 

O que você deseja iluminar? 🌕

🍃No dia 12/02 (quarta), às 18h45, na energia do Sol Cristal Amarelo, nos reunimos novamente!

📍Online via Zoom - Peça o link no direct!
••••
Vem com a gente e Convide seus amigos!
💫
#despertarespiritual #temponatural #sustentabilidade #yoga #sabedoriaancestral #autoconhecimento #serhumanoemeioambiente",false
post,photo,DFqwZxPPCJE,3560871332478198340,2025-02-04 19:42:43,posts/[DFqwZxPPCJE]_2025-02-04_19-42-43.jpg,,,18,4,,"✨Este será nosso primeiro encontro marcando o início de um ciclo de 28 dias, conhecido como “Lua”. 

🍃 Na linguagem do tempo natural, o ano é composto por 13 luas de 28 dias (364 dias + 1 dia de sincronização). Estamos entrando na 8ª Lua do ano, a Lua Galáctica, que nos convida a refletir: 

✨ “Eu vivo aquilo em que acredito?”✨ 

🍃 Guiados por essa pergunta, vamos atravessar um movimento completo de início, aprimoramento, transformação e amadurecimento, a partir das vivências individuais e das partilhas que envolvem a caminhada de nosso coletivo através da Estação Flor do Alto. 

👉🏽 Vem com a gente nos Encontros da Flor!
📅 Dia 07/02 (sexta), às 20h30
✨ Na energia do Mago Ressonante Branco 
📍 Online via Zoom – peça o link no direct!
•
•
#TempoNatural #EncontrosDaFlor #LuaGalactica #CiclosSagrados #autotransformação #espiritualidade #sustentabilidade #educação",false
post,photo,DFYv4MiP1hH,3555802475745204295,2025-01-28 19:51:48,posts/[DFYv4MiP1hH]_2025-01-28_19-51-48.jpg,,,13,0,,"Vamos ativar a conexão com os ciclos naturais e universais, trazendo sincronicidade e harmonia para sua vida. 

Essa é uma jornada de autodescoberta e evolução, alinhada ao propósito maior da @estacaoflordoalto 🍃

🍃Através dos Encontros da Flor, exploramos os acessos aos arquétipos universais que estão presentes em nós e em toda a criação. 

🍃Com esses encontros vamos fortalecer um coletivo utilizando dos códigos do tempo como linguagem comum, telepática e também se afinando com a Estação Flor do Alto, que é nossa nave.

🌍No dia 30/01, às 20h30, participe do próximo encontro on-line com a @esferaterraviva ! 

🍃Vamos aprofundar o conhecimento sobre o posicionamento adequado para ativar e receber a vibração sincrônica do tempo natural. 

🍃Os Encontros da Flor que acontecem a cada 13 dias, geram uma constância simbólica do movimento total, é momento de se reunir em grupo, avaliar como foi o ciclo anterior e se preparar juntos para o próximo ciclo de 13 dias, que chamamos de  Onda Encantada.

🌱 Você é a transformação que deseja ver no mundo. Venha se sintonizar com a Flor!

👉🏽 Envie mensagem no direct pra receber o link do Zoom!
•
•
#CiclosNaturais #TransformaçãoInterior #EspiritualidadeConsciente #OndaEncantada #Autoconhecimento #HarmoniaUniversal #JornadaEspiritual #ConexãoComANatureza",false
post,video,DFU2G9hOApO,3554703978786196046,2025-01-27 07:32:22,posts/[DFU2G9hOApO]_2025-01-27_07-32-22.mp4,,,35,3,,"Comunidade Deva MahaKali em um dia memorável. Abertura de trilhas, um dia bem síncrono para ajustes do tempo/espaço.
.
.
.
#comunidade #devamahakali #yoga, #agrofloresta #compaixao",false
post,video,DFOn_0FPlhP,3552953065105414223,2025-01-24 21:30:51,posts/[DFOn_0FPlhP]_2025-01-24_21-30-51.mp4,,,35,0,,"Encontros da Flor com @esferaterraviva 

🍃 Energia: Kin 201 - Dragão Rítmico Vermelho 

Conecte-se ao serviço planetário através da Estação Flor do Alto!💜

Faça contato para saber mais sobre voluntariado. Inscrições abertas!🔥

Fale com Ananda aqui: (22) 99215-2313 ou chame no direct 🍃

#sustentabilidade
#educação 
#espiritualidade",false
post,photo,DFEZLUmPbh-,3550073135468230782,2025-01-20 22:08:38,posts/[DFEZLUmPbh-]_2025-01-20_22-08-38.jpg,,,12,0,,"Como seria fortalecer sua conexão com a natureza, promover crescimento individual e coletivo, e agregar mais significado e poder ao seu cotidiano?

Descubra vivenciando um dia especial de interação em grupo, símbolos transformadores e conexão profunda com a essência da @estacaoflordoalto , enquanto abrimos uma trilha no cerrado.

✨ Uma vivência presencial dos Encontros da Flor com a @esferaterraviva , marcando o início de um novo ciclo com propósito e integração ✨🍃

📅 Quando: 25/01 
⏰ Horário: Das 8h às 17h 
📍 Onde: Estação Flor do Alto - Povoado de Batalha - São Desidério - Bahia
🔮 Energia: Kin 202 - Vento Ressonante Branco 
🍃Colaboração: 91,00

👉🏽Atividades:
🏡Abertura de uma trilha no cerrado, do galpão coletivo até a área destinada aos moradores da estação. 
🍃Conexão com a natureza e interações em grupo. 
🔥Experiência no uso do fogão à lenha. 
🍽️Almoço e lanche colaborativo. 
❤️‍🔥Reflexões e símbolos que fortalecerão sua jornada individual e coletiva. 

👉🏽Inscreva-se com Nath, clique aqui: https://bit.ly/Falecomanathalia ou envie mensagem para: (19)99723 3954

🍃🪻🦜Venha viver esse momento de transformação e integração!
•
•
#sustentabilidade #educação #espiritualidade #autoconhecimento #sincronariodas13luas",false
post,video,DFEMjgpyKqc,3550017623075367580,2025-01-20 20:23:53,posts/[DFEMjgpyKqc]_2025-01-20_20-23-53.mp4,,,22,0,,"Receba as bençãos da Estação Flor do Alto através dessas chamas do fogão a lenha. 🔥 
.
.
.
#espiritualidade #vidaabundate #bemestar",false
post,photo,DE-zBngvk6C,3548497967931346562,2025-01-18 17:59:03,posts/[DE-zBngvk6C]_2025-01-18_17-59-03.jpg,,,18,1,,"Para expandir o autoconhecimento e alinhar seu serviço ao coletivo por meio dos pilares de educação, sustentabilidade e espiritualidade, vamos ancorar marcos no tempo/espaço a cada 13 semanas na Estação Flor do Alto 🍃

Serão encontros presenciais únicos, realizados apenas 4 vezes ao ano! 👏🏽

Nesta live, você receberá orientações para participar, mesmo à distância, e descobrir como trazer mais presença e significado para o seu ano solar. ☀️ 
Juntos, abriremos uma trilha física e energética para trilhar em grupo. ✨

Junte-se a essa aventura e permita que a Flor do Alto seja a nave que impulsiona sua jornada!🛸💜

✨ Uma live especial dos Encontros da Flor, em parceria com a Esfera Terra Viva✨

📅 Quando: 24/01 (sexta-feira)
⏰ Horário: 20h30 
📍 Onde: Instagram @esferaterraviva e @estacaoflordoalto 
🔮 Energia: Kin 201 - Dragão Rítmico Vermelho 

Esperamos você!🤗
•
•
#temponatural #ciclo13luas #kinmaia #agrofloresta #bioconstrução #espiritualidade #despertarespiritual #novaterranascendo",false
post,photo,DE7mnbRO13E,3547598966591544772,2025-01-17 12:12:54,posts/[DE7mnbRO13E]_2025-01-17_12-12-54.webp,,,12,2,,"Está data é dia do nascimento do Círculo Vivencial Terra Viva, que hoje chamamos de Esfera Terra Viva, pois completou as possibilidades de seu potencial como um todo. Neste novo ano, que se inicia hoje, estamos convocando a primeira reunião de kins planetários deste ciclo. Vamos realizar está reunião em parceria com a @estacaoflordoalto , em retomada dos encontros da Flor, via zoom e em breve também presencial.
Nossa trajetória contou com a participação de milhares de pessoas em um espaço experimental em SP, agora estamos no Oeste da Bahia, unindo forças com a @sanghaplatinasolaris e @saulonardelli .
Servir com o nosso melhor enquanto recebemos o melhor de muitos outros envolvidos com a sustentabilidade, educação e espiritualidade. Hoje comemoramos 11 anos com a entrada do kin194 Mago cristal branco, teremos um ano inteiro propício para se reunir, propor aventuras, cooperando em propósito do sonho coletivo mais alto. Gratidão 🙏 

Esperamos vocês",false
post,video,DE4UsmNOoy0,3546675732165594292,2025-01-16 05:39:58,posts/[DE4UsmNOoy0]_2025-01-16_05-39-58.mp4,,,74,4,,"Este é o retorno dos ‘Encontros da Flor’, agora em parceria com a @esferaterraviva .

🍃Conecte-se com a @estacaoflordoalto , harmonize-se com o tempo natural e contribua para a transição planetária.
Sua presença fortalece o todo! 

—————————————————————————————

📅 Quando: 17/01/25 - Sexta-feira 
✨ Energia: Mago Cristal Branco
⏰ Horário: 20h30 (via Zoom) 
🎟️ Aberto e gratuito

Link direto: bit.ly/zoomsangha 
Ou acesse: https://us02web.zoom.us/j/5620621524
ID: 5620621524

Participe e compartilhe!
•
•
.
#temponatural #trezeluas #despertandoconsciencia #transicaoplanetaria #autoconhecimentopratico",false
post,photo,DE01Eg2voRf,3545692213268612191,2025-01-14 21:04:31,posts/[DE01Eg2voRf]_2025-01-14_21-04-31.jpg,,,18,0,,"Para despertar sua conexão com o serviço planetário, fortalecer o coletivo consciente e alinhar-se ao tempo natural da criação, desenvolvemos um trabalho que pode transformar sua percepção✨

Vamos ter encontros online, gratuitos, organizados em ciclos de 13 e 28 dias, que nos conectam a arquétipos profundos e simbólicos da criação. Esses ciclos promovem equilíbrio e clareza, beneficiando o indivíduo e o coletivo. 

🌟Este é o retorno dos ‘Encontros da Flor’, agora em parceria com a @esferaterraviva ! 

📅 Quando: 17/01/25 - Sexta
✨ Energia: Mago Cristal Branco
⏰ Horário: 20h30 (via Zoom) 
🎟️ Aberto e gratuito

🍃Conecte-se com a @estacaoflordoalto , harmonize-se com o tempo natural e contribua para a transição planetária.
Sua presença fortalece o todo! 

Link direto: bit.ly/zoomsangha 
Ou acesse: https://us02web.zoom.us/j/5620621524
ID: 5620621524

Participe e compartilhe!
•
•
#temponatural #trezeluas #despertandoconsciencia #transicaoplanetaria #autoconhecimentopratico",false
post,video,DEmgm9mxleB,3541661571950729089,2025-01-09 07:41:02,posts/[DEmgm9mxleB]_2025-01-09_07-41-02.mp4,,,6,0,,"""Infinito é a mente de Deus ou instantaneidade abrangente, o espaço interdimensional está  saturado com programas de existência estruturados telepaticamente "" ( crônicas da história cósmica, José Arguelles)",false
post,video,DEcwfuGJ58V,3538916693238062869,2025-01-05 12:49:43,posts/[DEcwfuGJ58V]_2025-01-05_12-49-43.mp4,,,32,1,,"Como posso alcançar meus sonhos?
... A energia que temos geralmente é empregada integralmente para manter o cotidiano. Precisamos de energia para criar algo novo, se não temos, não vivemos nosso sonho nem podemos sonhar nosso viver. Enfim, as boas intenções carregadas de inspiração e energia são submetidas à esperar , perdendo sua força por que é empregada energia em outras coisas e acordos coletivos que não estavamos presente quando foram feitos. O Homem comum não utiliza sua energia diretamente porque está preso à combinados sociais. 
... A frequência 12:60 é uma frequência artificial, pois ela é uma descrição sobre a vida , a qual se divide um círculo em 12 partes de 30° e é utilizado para contar o tempo, esse círculo só serve para medir o espaço horizontal, fazendo com que seus utilizadores percam o sentido da vida, não sabe o que fazem nas 4 direções a não ser explorar, essa inconsciência do que realmente é o tempo está relacionado a não utilização das outras 3 direções, o céu, a terra e o coração em cada ser. É limitante porque aprisiona no materialismo. A frequência 12:60 é mantida pelo calendário gregoriano de 12 meses por horas de 60 minutos.",false
post,photo,DEU3JWvOJPg,3536694142840640480,2025-01-02 11:06:57,posts/[DEU3JWvOJPg]_2025-01-02_11-06-57.webp,,,38,0,,"A natureza responde rápido! Você pode entender o que a planta precisa e como funciona a lei natural, e a planta responde de imediato.
Com seres humanos não é bem assim, mesmo sabendo o que precisamos e qual é a lei natural, ele demora a responder. Por quê?
Arrisco dizer que ele pensa e cria sua própria ideia.
A planta por outro lado está entregue a mente natural.
Então devemos ser igual a planta?
Não! Nascemos humanos, e os humanos precisam gerar compreensão, é seu papel biológico. A conexão com a natureza e a lei universal depende de nossa compreensão, estou dizendo que Deus quer, mas você precisa chegar à entender.",false
post,video,DETPvGYy2VA,3536239339787478336,2025-01-01 20:08:56,posts/[DETPvGYy2VA]_2025-01-01_20-08-56.mp4,,,30,4,,"A Terra 🌎 é incrível 💚
Seus filhos e filhas , que companheiros✨
Jajá vamos todos👩‍❤️‍👨 nós unir à quem pode nos dar, no céu e na Terra.",false
carousel,video,DEAmlHuuyK4,3530991784546738872,2024-12-25 14:17:23,posts/[DEAmlHuuyK4]_2024-12-25_14-17-23_01.mp4,1,,25,0,,"Neste Natal te ofereço os en(cantos) do #cerradobaiano 💫🍃🍂 
Subindo o terreno da @estacaoflordoalto indo ao encontro de onde será a #comunidadedevamahakali rodeada da #matanativa #cantosdepassaros #belezanatural o coração pulsa mais forte ❤️‍🔥😍
Um amor gigante dessa Estação nos espera 💜

#espiritualidade #sustentabilidade #educação são premissas da Estação Flor do Alto.

Quer saber mais sobre tudo o que acontece aqui e se voluntariar?✨ 

Me chama no direct ou envia mensagem aqui: (22)99215-2313",false
carousel,photo,DEAmlHuuyK4,3530991784546738872,2024-12-25 14:17:23,posts/[DEAmlHuuyK4]_2024-12-25_14-17-23_02.jpg,2,,25,0,,"Neste Natal te ofereço os en(cantos) do #cerradobaiano 💫🍃🍂 
Subindo o terreno da @estacaoflordoalto indo ao encontro de onde será a #comunidadedevamahakali rodeada da #matanativa #cantosdepassaros #belezanatural o coração pulsa mais forte ❤️‍🔥😍
Um amor gigante dessa Estação nos espera 💜

#espiritualidade #sustentabilidade #educação são premissas da Estação Flor do Alto.

Quer saber mais sobre tudo o que acontece aqui e se voluntariar?✨ 

Me chama no direct ou envia mensagem aqui: (22)99215-2313",false
carousel,photo,DEAmlHuuyK4,3530991784546738872,2024-12-25 14:17:23,posts/[DEAmlHuuyK4]_2024-12-25_14-17-23_03.jpg,3,,25,0,,"Neste Natal te ofereço os en(cantos) do #cerradobaiano 💫🍃🍂 
Subindo o terreno da @estacaoflordoalto indo ao encontro de onde será a #comunidadedevamahakali rodeada da #matanativa #cantosdepassaros #belezanatural o coração pulsa mais forte ❤️‍🔥😍
Um amor gigante dessa Estação nos espera 💜

#espiritualidade #sustentabilidade #educação são premissas da Estação Flor do Alto.

Quer saber mais sobre tudo o que acontece aqui e se voluntariar?✨ 

Me chama no direct ou envia mensagem aqui: (22)99215-2313",false
carousel,photo,DEAmlHuuyK4,3530991784546738872,2024-12-25 14:17:23,posts/[DEAmlHuuyK4]_2024-12-25_14-17-23_04.jpg,4,,25,0,,"Neste Natal te ofereço os en(cantos) do #cerradobaiano 💫🍃🍂 
Subindo o terreno da @estacaoflordoalto indo ao encontro de onde será a #comunidadedevamahakali rodeada da #matanativa #cantosdepassaros #belezanatural o coração pulsa mais forte ❤️‍🔥😍
Um amor gigante dessa Estação nos espera 💜

#espiritualidade #sustentabilidade #educação são premissas da Estação Flor do Alto.

Quer saber mais sobre tudo o que acontece aqui e se voluntariar?✨ 

Me chama no direct ou envia mensagem aqui: (22)99215-2313",false
carousel,photo,DEAmlHuuyK4,3530991784546738872,2024-12-25 14:17:23,posts/[DEAmlHuuyK4]_2024-12-25_14-17-23_05.jpg,5,,25,0,,"Neste Natal te ofereço os en(cantos) do #cerradobaiano 💫🍃🍂 
Subindo o terreno da @estacaoflordoalto indo ao encontro de onde será a #comunidadedevamahakali rodeada da #matanativa #cantosdepassaros #belezanatural o coração pulsa mais forte ❤️‍🔥😍
Um amor gigante dessa Estação nos espera 💜

#espiritualidade #sustentabilidade #educação são premissas da Estação Flor do Alto.

Quer saber mais sobre tudo o que acontece aqui e se voluntariar?✨ 

Me chama no direct ou envia mensagem aqui: (22)99215-2313",false
carousel,photo,DEAmlHuuyK4,3530991784546738872,2024-12-25 14:17:23,posts/[DEAmlHuuyK4]_2024-12-25_14-17-23_06.jpg,6,,25,0,,"Neste Natal te ofereço os en(cantos) do #cerradobaiano 💫🍃🍂 
Subindo o terreno da @estacaoflordoalto indo ao encontro de onde será a #comunidadedevamahakali rodeada da #matanativa #cantosdepassaros #belezanatural o coração pulsa mais forte ❤️‍🔥😍
Um amor gigante dessa Estação nos espera 💜

#espiritualidade #sustentabilidade #educação são premissas da Estação Flor do Alto.

Quer saber mais sobre tudo o que acontece aqui e se voluntariar?✨ 

Me chama no direct ou envia mensagem aqui: (22)99215-2313",false
carousel,photo,DEAmlHuuyK4,3530991784546738872,2024-12-25 14:17:23,posts/[DEAmlHuuyK4]_2024-12-25_14-17-23_07.jpg,7,,25,0,,"Neste Natal te ofereço os en(cantos) do #cerradobaiano 💫🍃🍂 
Subindo o terreno da @estacaoflordoalto indo ao encontro de onde será a #comunidadedevamahakali rodeada da #matanativa #cantosdepassaros #belezanatural o coração pulsa mais forte ❤️‍🔥😍
Um amor gigante dessa Estação nos espera 💜

#espiritualidade #sustentabilidade #educação são premissas da Estação Flor do Alto.

Quer saber mais sobre tudo o que acontece aqui e se voluntariar?✨ 

Me chama no direct ou envia mensagem aqui: (22)99215-2313",false
carousel,photo,DEAmlHuuyK4,3530991784546738872,2024-12-25 14:17:23,posts/[DEAmlHuuyK4]_2024-12-25_14-17-23_08.jpg,8,,25,0,,"Neste Natal te ofereço os en(cantos) do #cerradobaiano 💫🍃🍂 
Subindo o terreno da @estacaoflordoalto indo ao encontro de onde será a #comunidadedevamahakali rodeada da #matanativa #cantosdepassaros #belezanatural o coração pulsa mais forte ❤️‍🔥😍
Um amor gigante dessa Estação nos espera 💜

#espiritualidade #sustentabilidade #educação são premissas da Estação Flor do Alto.

Quer saber mais sobre tudo o que acontece aqui e se voluntariar?✨ 

Me chama no direct ou envia mensagem aqui: (22)99215-2313",false
post,video,DDEJLguueOH,3513973982732346247,2024-12-02 02:46:28,posts/[DDEJLguueOH]_2024-12-02_02-46-28.mp4,,,41,4,,"Curso de bioconstrução e integração dos ciclos naturais. 
.
.
.
#porum2024expansivo",false
post,video,DC1iDQkuvxh,3509861242141080673,2024-11-26 10:35:56,posts/[DC1iDQkuvxh]_2024-11-26_10-35-56.mp4,,,26,6,,"Quando a gente começa a entender como a natureza funciona, algo incrível acontece, dentro e fora da gente, muita harmonia, abundância e potência da vida.",false
post,video,DC0GB0MNMDC,3509456522666361026,2024-11-25 21:12:06,posts/[DC0GB0MNMDC]_2024-11-25_21-12-06.mp4,,,23,0,,,false
post,video,DCv7KBHxee5,3508282807887980473,2024-11-24 06:23:54,posts/[DCv7KBHxee5]_2024-11-24_06-23-54.mp4,,,26,6,,"A aliança com a natureza e reconhecer-se como parte dela é nosso maior pertencimento...assim nos sentimos em casa em qualquer lugar. Observando o.movimento das chuvas, tipo de solo, direção de ventos, tipo de palhas disponíveis podemos chegar a esse aprimoramento de cobertura do telhado!

Somos gratos por essa oportunidade!",false
post,video,DCA5WYKIhSg,3495045537258935456,2024-11-06 00:02:17,posts/[DCA5WYKIhSg]_2024-11-06_00-02-17.mp4,,,22,3,,"Tenho muito a dizer, as vezes nem quero falar, mas entendi que meu mundo interior quer se expressar, não só pra dizer o que vejo e sinto, mas por que ninguém sabe o que se passa aqui, e se passa aí também, as vezes adormecido, as vezes misturado, mas a chama está lá em cada humano e em cada ser vivo, e essa chama é a mesma presença, não tenho tempo para pensar, quero viver por ela em todas as nossas relações, e digo que isto não é um desejo, é simplesmente viver, e você pode viver agora, não há mais nada à fazer! Eu sou o outro você e a Terra nos espera para ir além 🌈✨🔥",false
post,photo,DByn0WhODif,3491027782571931807,2024-10-31 10:56:03,posts/[DByn0WhODif]_2024-10-31_10-56-03.jpg,,,47,7,,"Agradecido por ouvir a voz do seu coração, irmão @davidmoisesestrelaamarela 

Berimbau
Vinicius de Moraes

Quem é homem de bem não trai
O amor que lhe quer seu bem
Quem diz muito que vai, não vai
Assim como não vai, não vem

Quem de dentro de si não sai
Vai morrer sem amar ninguém
O dinheiro de quem não dá
É o trabalho de quem não tem

Capoeira que é bom não cai
E se um dia ele cai, cai bem!

Capoeira me mandou
Dizer que já chegou
Chegou para lutar
Berimbau me confirmou
Vai ter briga de amor
Tristeza camará

Quem é homem de bem não trai
O amor que lhe quer seu bem
Quem diz muito que vai, não vai
Assim como não vai, não vem

Quem de dentro de si não sai
Vai morrer sem amar ninguém
O dinheiro de quem não dá
É o trabalho de quem não tem

Capoeira que é bom não cai
E se um dia ele cai, cai bem!

Capoeira me mandou
Dizer que já chegou
Chegou para lutar
Berimbau me confirmou
Vai ter briga de amor
Tristeza camará

Eh camará! Eh camará!
Eh camará! Eh camará!
Eh camará!",false
post,video,DBs2ObpOZ7q,3489402297572237034,2024-10-29 05:07:58,posts/[DBs2ObpOZ7q]_2024-10-29_05-07-58.mp4,,,32,0,,"Estação Flor do Alto, vivendo uma nova florada. 
.
.
.
.
#porum2024expansivo",false
post,video,DBO5YNSpn4g,3480971914194091552,2024-10-17 14:04:56,posts/[DBO5YNSpn4g]_2024-10-17_14-04-56.mp4,,,25,3,,"Cultivar e plantar não é só por plantas no chão, é zelar da cobertura vegetal, para proporcionar vida à terra. É também lembrar que a energia que um empregou anteriormente, hoje depois de completar o ciclo, vai nutrir o solo e as novas plantas. Com isso a vida nos prova que existe uma ordem e um amor divino, que faz tudo crescer e prosperar. Agradeço a vida!
E fica a dica: se nossa vida for dentro desta ordem, nosso viver também trará abundância para os próximos.",false
post,video,DBKcxazSsc3,3479720203431626551,2024-10-15 20:44:07,posts/[DBKcxazSsc3]_2024-10-15_20-44-07.mp4,,,68,9,,"Iniciando atividades no jardim. Toda a natureza vive em amor, as árvores crescem com toda vitalidade e quando maduras oferecem à terra folhas e frutos sem olhar aquém. Hoje estou pedindo licença para agrupar e mover toda essa energia para fortalecer áreas sem cobertura de solo, potencializando o processo de regeneração e crescimento. Em contrapartida, aumentamos o cultivo e a biodiversidade de plantas no local. A ação do humano pode acelerar os processos naturais em benefício de si e demais seres e o nosso habitat comum. 
@estacaoflordoalto",false
post,video,DAzPjh5yI_y,3473188149915062258,2024-10-06 20:22:08,posts/[DAzPjh5yI_y]_2024-10-06_20-22-08.mp4,,,54,11,,"Tudo muda e quem acompanha é a presença.
Somos o amor e a presença em movimento, somos assim porque é essa a nossa natureza. 
#sejafeliz 
#impermanência 
#presença 
#sonhar a vida
#novohumano",false
post,video,DAbmIlmyTB7,3466532054094131323,2024-09-27 15:54:15,posts/[DAbmIlmyTB7]_2024-09-27_15-54-15.mp4,,,21,2,,"Simples.idade é a habilidade de atender a necessidade básica com eficiência e com o menor emprego de energia. O guerreiro da liberdade é minucioso na administração da energia, pois só simplificando seu cotidiano é que lhe restará energia para sonhar e empreender algo novo. Um ponto interessante para refletir.",false
post,video,DAUZ5ccyzjg,3464507912075557088,2024-09-24 21:05:10,posts/[DAUZ5ccyzjg]_2024-09-24_21-05-10.mp4,,,21,4,,"A sua vida é muito importante e única, e cada um é que deve dar o seu valor, entregando o seu melhor. De maneira simples ou não, mas como se é.",false
post,video,DAUYlgxyri2,3464502144286767286,2024-09-24 20:43:07,posts/[DAUYlgxyri2]_2024-09-24_20-43-07.mp4,,,34,12,,Vamos concluindo na mesma Onda Encantada que começamos ⛈️,false
post,video,DAUWzxhSo41,3464494328243195445,2024-09-24 20:30:22,posts/[DAUWzxhSo41]_2024-09-24_20-30-22.mp4,,,16,3,,"Trazendo aqui símbolos para explicar o inexplicável.
Você precisa brilhar ✨🌈🌎",false
post,video,DAPc3dRI59D,3463113594770792259,2024-09-22 22:39:23,posts/[DAPc3dRI59D]_2024-09-22_22-39-23.mp4,,,7,0,,"Hoje foi dia de explorar novos horizontes com a arte em madeira, tábua de cozinha, jogo 2x1( Borboleta e Achi, jogos africanos), e ainda um porta papel toalha.
Madeira reutilizada de Jatobá.
Eu agradeço a oportunidade",false
post,video,C_8gafAJUA2,3457781171396886582,2024-09-15 14:05:32,posts/[C_8gafAJUA2]_2024-09-15_14-05-32.mp4,,,19,0,,"Existe um posicionamento interno que está em união com tudo, você tem que encontrar esta conexão que cada um recebe do Grande Espírito. E aprender a se relacionar com a vida novamente, constantemente.",false
post,video,C_8e6alJbH1,3457774569579196917,2024-09-15 13:54:07,posts/[C_8e6alJbH1]_2024-09-15_13-54-07.mp4,,,27,0,,"Nós somos a natureza, nos faz melhor sermos toda a natureza e ser cada espécie. A relação que se dá com o reino vegetal é se olhando no jardim, no cheiro e na cor, na textura na sua forma e em nosso olhar.
Nós como ""ser humano"", podemos refletir sobre toda a criação, e reconhecer dentro...",false
post,video,C_72VK7JU2L,3457596088287317387,2024-09-15 08:02:10,posts/[C_72VK7JU2L]_2024-09-15_08-02-10.mp4,,,41,3,,"O seu serviço espiritual está mais perto do que imagina, somos seres percebedores, temos instintivamente que ler a vida ao redor. Temos que gerar compreensão  balanceando as polaridades.Precisamos urgentemente sair da visão de escassez e destruição. Precisamos nos encantar com o viver, coletivamente e digo mais, à nível planetário.  Kin 70 Cachorro harmônico branco 
""A verdadeira amizade comanda a lealdade do meu coração , no centro do meu ser ""(10.5)",false
post,video,C_dCzL_JxQ4,3448925203292689464,2024-09-03 08:52:39,posts/[C_dCzL_JxQ4]_2024-09-03_08-52-39.mp4,,,65,5,,"Estação caminho da paz
Sabe aquele sentimento de gratidão, onde dou meu melhor por tanto recebido, e percebo que é recíproco, recebo novamente. 
Quando há amor, alegria, propósito, harmonia e integração a relação é próspera para todos os envolvidos. 
Cada um deve ser fiel ao próprio centro, pois tudo tem um centro, reconheço o meu e o teu, logo temos nós.
Oferecer de si para o mundo,  de forma simples,  sincera e também objetiva, pois o tempo passa e só temos o agora para o ser vir. Na foto, @davidmoisesestrelaamarela e @ser_a_paz , David, Álvaro e famílias , guardiões de Esfera Terra Viva e Estação Caminho da paz, irmanados desde o coração por algo que transcende os próprios projetos, rumo ao projeto maior, o despertar da presença em cada ser humano, por todas as nossas relações.
Estivemos juntos em família, 12 dias de convivência e desenvolvimento das estruturas para receber  pessoas , com ambiente e contexto adequado para essas experiências maravilhosas onde todos ganham .",false
post,video,C-gAb_fJf2D,3431744839650508163,2024-08-10 16:18:24,posts/[C-gAb_fJf2D]_2024-08-10_16-18-24.mp4,,,38,5,,"Dentre muitos produtos materiais, terapêuticos e espirituais que se oferecem por aí, quem dá exemplo realmente de estar vivendo junto com a natureza?
Quantos prestam o serviço à natureza?
Quantos dão exemplos de um viver equilibrado realmente?
Não precisa me responder nem mesmo se ofender, o que de nada vale. À questão é ser exemplo de cura, de entrega e de soluções para o caos e colapso que nos cerca. É hora de clarear o pensamento em ações que inspire o novo. Que dêem alternativas de suprir as necessidades. Ter fé é muito mais que achar que tudo vai dar certo. O que se espera está em assistir a grande peça e não deixar para acordar no final. Falei assim em integridade com minha consciência no dia de hoje. David kin 28 🤍",false
post,video,C-BK7A5S15t,3423065227653766765,2024-07-29 16:58:57,posts/[C-BK7A5S15t]_2024-07-29_16-58-57.mp4,,,14,0,,"Como pode ter tanta insensibilidade nesta humanidade?
Quando estamos atraindo um propósito, quem aí se preocupa em pensar na mãe Terra? Qual será o seu propósito?
 Alguns seguem desanimados sem se inspirar ao acordar e assim murcho recebe mais um dia. Outros se inspiram em várias coisas do mundo e luta como se fosse a grande conquista. Quem aí está pensando em unir o próprio propósito ao viver com a natureza em seu nutrir todos os filhos?
É doloroso ver tanta orfandia, quando não reconhecemos a mãe, onde pensam que vão?
 De que vale tanta espiritualidade ou moeda, se não se faz o básico.  É dever dar conta da própria vida servindo à Natureza , todos os seres vivos assim fazem. Até a formiguinha com um pequenino cérebro quase invisível.
Será que falta trabalhar mais?
Claro que não, mas é preciso tirar das vistas e crenças um monte de besteira sobre viver e ver as coisas. Nossa mãe Terra e nossa mãe divina, e nossa senhora do tempo, é misericordiosa, sempre nutre seus filhos. E muitos ainda acham que têm que ganhar a vida, tolice.
Nossa mãe nunca desiste de seus filhos, mesmo aqueles que dormem ou negam, e ela pede para avivar uns aos outros, acalenta o coração dos despertos e lhes oferece a marcha dos justos, 13 luas de 28 dias.
Para quem acorda, aguenta firme e brilhar junto, e aquele que dorme ou se põe à correr, vai sofrer mais.
Não é sobre calendário, o ser humano não é o centro do mundo, é sobre sair da sonolência, pois sabemos que algo está dando ruim, é sobre parar a inércia e ter a coragem de ficar nú , despido de qualquer explicação. Poucos têm coragem, preferem entrar em outro sono.
Se soubessem que ninguém dorme pra sempre!
Ah que grande honra viver nesta Terra, quanta diversidade, água fresca, silêncio, brisa, mata sombria, canto do pássaro, aproveite a oportunidade e busque com muita energia, ajude-nos, vamos cantar a nossa mãe e vamos ajustar nossa vida 🧬. Amo viver aqui!
Gratidão.
Kin 22 Vento Solar Branco/ Salve Bolon Ik 🤍",false
post,video,C9_DdrIs9hz,3422469475146127475,2024-07-28 20:43:45,posts/[C9_DdrIs9hz]_2024-07-28_20-43-45.mp4,,,19,0,,"Atualizações do DESDE CEDO SuaArteEmPresença!
🤩 frente das crianças! 

🔸 TEMPO-ESPAÇO DE CRIANÇA 🔸
Brincar Livre nos Temperamentos e Elementos
da Arte-Natureza 
24/08 ~ no @cantodosxamas

💫 Crianças de todas as idades!
Inclusive adultas. 

🔹 SAÚDE DA BAILARINA 🔹
Balé Consciente para Crianças
Semanal ~ na @minuettodance
🩰
>>>>>> nos comunique a disponibilidade de dias e horários da sua bailarina que nessa semana afinaremos, para continuidade na semana seguinte

.

👁 link na bio para mais informações

#SuaArteEmPresença
#DesdeCedo #educaçãoinfantil #saúdenaarte #saúdedabailarina #arteenatureza #brincarnanatureza #EstadoBrincante",false
post,photo,C9x2orFSXSL,3418753881701184651,2024-07-23 17:40:43,posts/[C9x2orFSXSL]_2024-07-23_17-40-43.jpg,,,18,2,,"Vamos aproveitar o finzinho das férias para uma tarde de Brincar com a Arte-Natureza!
🌿

Nessa sexta-feira, 26/07
às 14h, no Canto dos Xamãs 

👁💛 crianças de todas as idades
adultos são bem vindos! 💜👁

🌿

Brincar Livre
nos Temperamentos e Elementos da Arte-Natureza

sonoridades | corpo | movimento | manualidades | histórias | vazio˜práticas meditativas

____________

*Indicamos a presença de cuidadores junto, mas também é possível estar a criança sozinha - nesse caso, informar no formulário de inscrição

>>> Trazer uma frutinha para o lanche

🦋
com Nathalia Luvizaro e Isabella Dragão

NATHALIA LUVIZARO
Terapeuta Ocupacional; Mãe; Artista da Terra e da Educação

ISABELLA DRAGÃO
Artista Híbrida - atriz; bailarina; poetisa; compositora; Arte-Educadora; Diretora e Fasciaterapeuta

______

👁🌿 Todas as informações e inscrições
No link da bio 
<<< www.suaarteempresenca.com >>>

#SuaArteEmPresença
#DesdeCedoSuaArteEmPresença #EstadoBrincante #brincar #brincarlivre #educaçãoinfantil #brincarnanatureza #férias #vivênciainfantil #TempoEspaçoDeCriança",false
post,video,C9sUupnJsJZ,3417197383973782105,2024-07-21 14:23:59,posts/[C9sUupnJsJZ]_2024-07-21_14-23-59.mp4,,,12,2,,"5 dias para agradecer, deixar ir, aceitar, ir para dentro, chamar a presença que nunca se alterou, o Sol interior, nessa posição completar o anel solar",false
post,video,C9pMNZypyO3,3416315489941922743,2024-07-20 09:00:03,posts/[C9pMNZypyO3]_2024-07-20_09-00-03.mp4,,,15,3,,"Agradecendo e chamando quem está vivo, 
""Despertar-vos uns aos outros "", une a teus irmãos na Terra sua mãe, no sol, lua,  nas estrelas e no coração único. Este é o rumo.",false
post,video,C9oAk16p2xO,3415982849154051150,2024-07-19 22:04:11,posts/[C9oAk16p2xO]_2024-07-19_22-04-11.mp4,,,34,21,,"Em gratidão a todos os seres, caminhos e forças da natureza que nos guiaram até aqui….compartilhamos alguns momentos dessa jornada!  Agradecemos a oportunidade de ofertar e ancorar esse serviço nesta terra sagrada! Somos imensamente felizes por tocar algumas vidas e plantar tantas sementes de transformação!  Seguimos compartilhando por aqui como “Esfera Terra Viva”! Rumo a novas aventuras!  @davidmoisesestrelaamarela @sanghaplatinasolaris @wfdojr @isa.nalua @isabelladragao @fermattos___ @felipeagrosalvador @anapedrososalvador.psi @mouriah_artes @fabito.melipona @dona._.berinjela_ @trilhaeducar _viniciussluvizaroo__ @mvinipaiv4 @stephaniegustavson @tarologalaurilopes @ecochacara_guapuruvu @carladeri_oficial @ricardoderi.1 @antoniocandneto @mariaaparecida_guilherme @lilian.azevedo.735 @deborahazevedolu @instagramdapaula @colagens.garatuja @qlebinho @osiris_lucero @florasarti @guisurita @jeff__kil @studiogaiayoga @duduoliveira_beachtennis @doug.adestramento @pitacodaalma @guia_michelesoares @nancicascata @cristina_lerosa  @sandraforniterapeuta @marisamarianide @beaterratriz @aguaterras @lari_egidio @gbrielbraga @fallen_places12 @diego.levit",false
carousel,photo,C9lTHObpU1J,3415219951846640969,2024-07-18 20:39:25,posts/[C9lTHObpU1J]_2024-07-18_20-39-25_01.webp,1,,33,10,,"Transição Círculo Vivencial Terra Viva para Esfera Terra viva! Nosso Círculo de vivências abrangendo e comprimindo em uma esfera, nossa embarcação está pronta para navegar .
Desde o dia 17 de janeiro de 2014, kin 79, estivemos com vivências, na cidade de Águas da Prata SP, na fazenda São Miguel Arcanjo. Hoje dia 18 de julho de 2024, kin 11,  oficializamos por aqui o  encerramento de vivências neste local. Agradecemos com toda presença, carinho e coração à Cristina Lerosa, Sandra Romera Lerosa e sua família, por nos receberem receptivas e esperançosas, para o ancoramento do projeto em suas terras.
Sinto de todo o coração e em meu ser a profunda gratidão por estás terras, à floresta, as águas, a cachoeira, a fonte da água azul, as frutas, a força silvestre, vos amo, os espíritos guias e os protetores, os parceiros espirituais e à todos os seres que viveram, vivem e viverão por aqui. Agradeço à toda a espiritualidade presente, seus mensageiros e zeladores, por nos assistir e ser presente. Este círculo que tantas vivências pulsou, nas 7 direções e 4 ventos, tornou-se Esfera Terra Viva. Hoje o Círculo Vivencial Terra Viva não se encontra ao alcance da corrupção, realizado, purificado, divulgado e espectralizado no serviço e mente do planeta, se encontra agora protegido pela espiritualidade e por cada guardião, essa linda família que somos, agora também cada um é toda a família, cada um possui em seu coração de pureza a Esfera Terra viva, estamos no comando da embarcação, assumam seus lugares, compartilhe sua luz e seja feliz.
Hoje estamos unidos de coração com a Terra, 🌎 em plena saúde e elevada percepção do humano cristal amarelo. Nossa missão é expandir esse amor por toda parte, compartilhando uns com os outros, é hora de brilhar, até que toda a Terra , a Esfera Viva , seja feliz!",false
carousel,photo,C9lTHObpU1J,3415219951846640969,2024-07-18 20:39:25,posts/[C9lTHObpU1J]_2024-07-18_20-39-25_02.webp,2,,33,10,,"Transição Círculo Vivencial Terra Viva para Esfera Terra viva! Nosso Círculo de vivências abrangendo e comprimindo em uma esfera, nossa embarcação está pronta para navegar .
Desde o dia 17 de janeiro de 2014, kin 79, estivemos com vivências, na cidade de Águas da Prata SP, na fazenda São Miguel Arcanjo. Hoje dia 18 de julho de 2024, kin 11,  oficializamos por aqui o  encerramento de vivências neste local. Agradecemos com toda presença, carinho e coração à Cristina Lerosa, Sandra Romera Lerosa e sua família, por nos receberem receptivas e esperançosas, para o ancoramento do projeto em suas terras.
Sinto de todo o coração e em meu ser a profunda gratidão por estás terras, à floresta, as águas, a cachoeira, a fonte da água azul, as frutas, a força silvestre, vos amo, os espíritos guias e os protetores, os parceiros espirituais e à todos os seres que viveram, vivem e viverão por aqui. Agradeço à toda a espiritualidade presente, seus mensageiros e zeladores, por nos assistir e ser presente. Este círculo que tantas vivências pulsou, nas 7 direções e 4 ventos, tornou-se Esfera Terra Viva. Hoje o Círculo Vivencial Terra Viva não se encontra ao alcance da corrupção, realizado, purificado, divulgado e espectralizado no serviço e mente do planeta, se encontra agora protegido pela espiritualidade e por cada guardião, essa linda família que somos, agora também cada um é toda a família, cada um possui em seu coração de pureza a Esfera Terra viva, estamos no comando da embarcação, assumam seus lugares, compartilhe sua luz e seja feliz.
Hoje estamos unidos de coração com a Terra, 🌎 em plena saúde e elevada percepção do humano cristal amarelo. Nossa missão é expandir esse amor por toda parte, compartilhando uns com os outros, é hora de brilhar, até que toda a Terra , a Esfera Viva , seja feliz!",false
carousel,photo,C9lTHObpU1J,3415219951846640969,2024-07-18 20:39:25,posts/[C9lTHObpU1J]_2024-07-18_20-39-25_03.webp,3,,33,10,,"Transição Círculo Vivencial Terra Viva para Esfera Terra viva! Nosso Círculo de vivências abrangendo e comprimindo em uma esfera, nossa embarcação está pronta para navegar .
Desde o dia 17 de janeiro de 2014, kin 79, estivemos com vivências, na cidade de Águas da Prata SP, na fazenda São Miguel Arcanjo. Hoje dia 18 de julho de 2024, kin 11,  oficializamos por aqui o  encerramento de vivências neste local. Agradecemos com toda presença, carinho e coração à Cristina Lerosa, Sandra Romera Lerosa e sua família, por nos receberem receptivas e esperançosas, para o ancoramento do projeto em suas terras.
Sinto de todo o coração e em meu ser a profunda gratidão por estás terras, à floresta, as águas, a cachoeira, a fonte da água azul, as frutas, a força silvestre, vos amo, os espíritos guias e os protetores, os parceiros espirituais e à todos os seres que viveram, vivem e viverão por aqui. Agradeço à toda a espiritualidade presente, seus mensageiros e zeladores, por nos assistir e ser presente. Este círculo que tantas vivências pulsou, nas 7 direções e 4 ventos, tornou-se Esfera Terra Viva. Hoje o Círculo Vivencial Terra Viva não se encontra ao alcance da corrupção, realizado, purificado, divulgado e espectralizado no serviço e mente do planeta, se encontra agora protegido pela espiritualidade e por cada guardião, essa linda família que somos, agora também cada um é toda a família, cada um possui em seu coração de pureza a Esfera Terra viva, estamos no comando da embarcação, assumam seus lugares, compartilhe sua luz e seja feliz.
Hoje estamos unidos de coração com a Terra, 🌎 em plena saúde e elevada percepção do humano cristal amarelo. Nossa missão é expandir esse amor por toda parte, compartilhando uns com os outros, é hora de brilhar, até que toda a Terra , a Esfera Viva , seja feliz!",false
carousel,photo,C9lTHObpU1J,3415219951846640969,2024-07-18 20:39:25,posts/[C9lTHObpU1J]_2024-07-18_20-39-25_04.webp,4,,33,10,,"Transição Círculo Vivencial Terra Viva para Esfera Terra viva! Nosso Círculo de vivências abrangendo e comprimindo em uma esfera, nossa embarcação está pronta para navegar .
Desde o dia 17 de janeiro de 2014, kin 79, estivemos com vivências, na cidade de Águas da Prata SP, na fazenda São Miguel Arcanjo. Hoje dia 18 de julho de 2024, kin 11,  oficializamos por aqui o  encerramento de vivências neste local. Agradecemos com toda presença, carinho e coração à Cristina Lerosa, Sandra Romera Lerosa e sua família, por nos receberem receptivas e esperançosas, para o ancoramento do projeto em suas terras.
Sinto de todo o coração e em meu ser a profunda gratidão por estás terras, à floresta, as águas, a cachoeira, a fonte da água azul, as frutas, a força silvestre, vos amo, os espíritos guias e os protetores, os parceiros espirituais e à todos os seres que viveram, vivem e viverão por aqui. Agradeço à toda a espiritualidade presente, seus mensageiros e zeladores, por nos assistir e ser presente. Este círculo que tantas vivências pulsou, nas 7 direções e 4 ventos, tornou-se Esfera Terra Viva. Hoje o Círculo Vivencial Terra Viva não se encontra ao alcance da corrupção, realizado, purificado, divulgado e espectralizado no serviço e mente do planeta, se encontra agora protegido pela espiritualidade e por cada guardião, essa linda família que somos, agora também cada um é toda a família, cada um possui em seu coração de pureza a Esfera Terra viva, estamos no comando da embarcação, assumam seus lugares, compartilhe sua luz e seja feliz.
Hoje estamos unidos de coração com a Terra, 🌎 em plena saúde e elevada percepção do humano cristal amarelo. Nossa missão é expandir esse amor por toda parte, compartilhando uns com os outros, é hora de brilhar, até que toda a Terra , a Esfera Viva , seja feliz!",false
post,video,C9X80aQptUa,3411462727156552986,2024-07-13 16:14:44,posts/[C9X80aQptUa]_2024-07-13_16-14-44.mp4,,,23,4,,"Amanhã é nossa Celebração de Entrega!! A partir das 14h aqui no Círculo Vivencial Terra Viva!!! Traga sua presença e uma comidinha para compartilhar!!

Teremos o sorteio da nossa rifa!!!

É só falta um número pra fechar!!

Quem quer???

E quem vem???",false
post,video,C89VCRuukrF,3403969408815221445,2024-07-03 08:06:55,posts/[C89VCRuukrF]_2024-07-03_08-06-55.mp4,,,29,7,,"Queridos amigos e amigas,

Como sabem, estamos entregando este ciclo aqui em Águas da Prata com o projeto Círculo Vivencial Terra Viva. Sabemos e sentimos que muitos construíram esse sonho conosco e nos apoiaram a ancorá-lo neste espaço físico e também astral.  Para celebrar este período de tanto aprendizado e crescimento e também a abertura de caminhos que se apresenta a todos, convidamos a esse encontro  de celebração.
Desde já, celebramos a presença de cada um e de todos que por aqui passaram! 
Traga um alimento para compartilhar e montarmos uma mesa abundante a todos!
Teremos uma lojinha para arrecadação de recursos para nossa mudança!.
Esperamos todos vocês dia 14/07 a partir das 14h!",false
post,video,C85K1MySXm2,3402798629781076406,2024-07-01 17:32:04,posts/[C85K1MySXm2]_2024-07-01_17-32-04.mp4,,,23,9,,"Atendendo à um pedido carinhoso de minha amiga, @renata.lamat 🤜⚡🤛, trazer um pouco sobre Jesus Cristo, Virgem Maria e as 13 Luas. Essas 3 forças estão em cada um de nós, recordando este fato, olhamos para o plano divino. A Virgem é nossa Terra mãe, que nos gesta, acolhe, nutre e nos dá nosso caminho e lugar na Terra e no seu, o Sol, o príncipe da paz, o caminho reto e que oferece sementes de bem aventuranças, para serem gestadas. A Lua, nossa Avó, nos dá o caminho justo para trilhar o dia a dia, 13  Avós de 28 dias, um anel solar ☀️.",false
post,video,C8tylNYuZEg,3399595753054245152,2024-06-27 07:19:15,posts/[C8tylNYuZEg]_2024-06-27_07-19-15.mp4,,,45,1,,"Quando negaram o 13°, Jesus Cristo, esconderam o poder das 13 luas e o poder da mulher, isso Jajá vem de longe e ainda hoje não questionamos a principal prisão institucionalizada, o calendário gregoriano, na verdade sim estamos aqui para questionar e iluminar este aspecto sombrio em casa mente, através da presença e do amor incondicional testemunho uma senda sagrada, um caminho justo de restauração do jardim, da mente natural e redenção , telektonon, 13 luas de 28 dias e a conta sagrada 13:20, que está em vosso corpo.",false
post,video,C8kAFR-gTFn,3396840381843845479,2024-06-23 12:02:48,posts/[C8kAFR-gTFn]_2024-06-23_12-02-48.mp4,,,25,5,,"Live imperdível sobre o seu propósito, me conta aí se é ou não, agradeço.
Sejam felizes, hoje e sempre!",false
post,video,C8hklhOsTdN,3396156501989078861,2024-06-22 13:25:44,posts/[C8hklhOsTdN]_2024-06-22_13-25-44.mp4,,,24,0,,"Grande reunião de kins, estou te convidando para estar neste dia 23 de junho no CVTV, se você conhece os códigos do tempo , você sabe deste momento planetário especial, mas se você não faz a mínima ideia, venha conhecer do que se trata, uma transição de consciência à nível planetário, que você não merece ficar de fora. E também é importante dizer que todos os mestres já falaram, precisamos assumir nosso posicionamento e servir, ao mesmo tempo que aumentamos nossa capacidades. 
O evento será gratuito e podemos trazer algo bacana para criar juntos. Por gentileza confirmar pelo whatsapp 19 -997628333",false
post,video,C8hKRLTAWg_,3396040754840299583,2024-06-22 09:34:56,posts/[C8hKRLTAWg_]_2024-06-22_09-34-56.mp4,,,16,0,,"Um pouco mais para se ver, da egrégora do Círculo Vivencial Terra Viva, gratidão a linhagem espiritual.",false
post,video,C8hHH3GAAtY,3396026920532446040,2024-06-22 09:11:23,posts/[C8hHH3GAAtY]_2024-06-22_09-11-23.mp4,,,41,10,,"Compartilhando alguns detalhes de nossa ida à Bahia,na Estação Flor do Alto, em São Desidério. Fomos conhecer a estação de luz, os tutores @saulonardelli i e @angelicavbrasil , a família maior acolhedora deste propósito chamada Sangha e o contexto do local e do cotidiano envolvido. Lá foram 12 dias muito ricos, onde teve momentos de servir e também de aprender, chegar naquele ponto onde podemos aprender algo novo. Para mim , é muito rico o contexto onde estamos irmanados, acolhidos, em harmonia com a natureza e que nos permita oferecer nosso melhor assim como continuar crescendo em nosso próprio caminho interior. Gratidão à todos e principalmente ao Grande Espírito que nos guia para o melhor, até que possamos a humanidade caminhar em beleza.",false
post,video,C8axRbNIObE,3394241970898527940,2024-06-19 22:11:57,posts/[C8axRbNIObE]_2024-06-19_22-11-57.mp4,,,11,1,,"Todos são filhos amados, decidir ser um dos eleitos, a gente deve fazer deliberada e conscientemente, estar pronto para servir. Não temos privilégios, temos um caminho justo, 13 luas de 28 dias para unificar a mente humana ao plano divino. Venha se integrar. Circulo Vivencial Terra Viva. Whatsapp 19 99762-8333.",false
post,video,C8araXJJLvr,3394216196732926955,2024-06-19 21:12:51,posts/[C8araXJJLvr]_2024-06-19_21-12-51.mp4,,,13,0,,"Na natureza existe uma linguagem universal, que chamamos de códigos do tempo, uma ordem que nos permite perceber padrões, arquétipos e ciclos. E ainda ativar conscientemente essas vibrações em harmonia com a natureza. Realmente podemos utiliza-la para transformar nossa vida pessoal e coletiva em uma grande e unificada orquestra musical. 
Frequência vibratória 13:20.",false
carousel,video,C8VeXvwpdxA,3392751467518876736,2024-06-17 20:38:33,posts/[C8VeXvwpdxA]_2024-06-17_20-38-33_01.mp4,1,,94,12,,"...Eu estou aparelhando 
Este brilho no meu pensamento 
Para mim está prenda é a chave
De todo meu discernimento 

Firmado na força das águas 
No firmamento eu me elevo
Consagrando em mim eu recebo 
Conservando a ti eu entrego...

(Trecho do hino 120- Eu tenho uma medalha, hinário ""O Cruzeirinho, Padrinho Alfredo, Santo Daime, Brasil)",false
carousel,video,C8VeXvwpdxA,3392751467518876736,2024-06-17 20:38:33,posts/[C8VeXvwpdxA]_2024-06-17_20-38-33_02.mp4,2,,94,12,,"...Eu estou aparelhando 
Este brilho no meu pensamento 
Para mim está prenda é a chave
De todo meu discernimento 

Firmado na força das águas 
No firmamento eu me elevo
Consagrando em mim eu recebo 
Conservando a ti eu entrego...

(Trecho do hino 120- Eu tenho uma medalha, hinário ""O Cruzeirinho, Padrinho Alfredo, Santo Daime, Brasil)",false
post,video,C8KnwzjJxEK,3389696547249131786,2024-06-13 15:29:31,posts/[C8KnwzjJxEK]_2024-06-13_15-29-31.mp4,,,33,1,,"Do alimento, ao remédio, à arte e à biodiversidade, nossa força é a Terra e seus filhos. Juntos somos por quem esperávamos. O agora é quem nos permite ser e servir. 
Quando olho envolta, e que companheiros vejo, temos tudo. Que todos possam ver e se posicionar para receber este agora.",false
post,video,C7eGqHcAW0u,3377166053057588526,2024-05-27 08:41:37,posts/[C7eGqHcAW0u]_2024-05-27_08-41-37.mp4,,,65,4,,"Graças dou à vida! É incrível que o Universo sempre encontra maneiras de me surpreender, talvez porque estamos com o coração aberto para ver suas maravilhas. 
Ou ainda porque em meu coração está claro a intenção de viver a vida com profundidade e nas coisas simples.
 Enfim, viver é uma benção e um mistério, não há mais tempo para fazer algo diferente de estar em harmonia com a natureza e honrar todas as nossas relações. Seja feliz!",false
post,video,C6TY7H-rTG0,3356135763454276020,2024-04-28 08:22:04,posts/[C6TY7H-rTG0]_2024-04-28_08-22-04.mp4,,,10,0,,"É grande a alegria de olhar tais e quais companheiros estão em nosso ao redor, me sinto muito próximo as plantas, falo aqui David kin 28, RS. O jardim é muito forte e me sinto rico em caminhar com o silvestre, essa força misteriosa em mim é tão grande, que mesmo ""longe de casa"", logo acho uma praça, pé de babosa na rua, o jardim está também nas cidades, na real,  no jardim acontece tudo que está debaixo do Sol. A força do jardim original está ao seu redor e está em seu interior. De mim a recordação e um sabor na experiência do agora em mim e em todos os seres🙏",false
post,video,C6II2Obo8p9,3352968833297271421,2024-04-23 23:19:48,posts/[C6II2Obo8p9]_2024-04-23_23-19-48.mp4,,,19,2,,"Convite para essa vivência linda!!! 

*TEMPO-ESPAÇO DE CRIANÇA* | _um encontro com sua criança em nossas naturezas!_ 🌿💛

*27/04* | 14h às 17h
no
_Canto dos Xamãs_
______________________

_🍃 Brincar Livre nos Temperamentos e Elementos da Arte-Natureza_ 🍃

sonoridades | corpo | movimento | manualidades | histórias | vazio/meditação 

*(para crianças de todas as idades | _inclusive as adultas_)*
____________

Contribuição espontânea
Valor sugerido por pessoa: R$30,00

< + trazer uma frutinha > 
________________________

_DesdeCedo • SuaArteEmPresença_ 
🌱🐚

Confirmar presença por direct ou whatsapp 19 99762-8333",false